rank,domain,favicon_url
1,google.com,http://google.com/favicon.ico
2,youtube.com,http://youtube.com/favicon.ico
3,facebook.com,http://facebook.com/favicon.ico
4,tmall.com,http://tmall.com/favicon.ico
6,qq.com,http://qq.com/favicon.ico
7,sohu.com,http://statics.itc.cn/web/static/images/pic/sohu-logo/favicon.ico
8,taobao.com,http://taobao.com/favicon.ico
9,yahoo.com,http://yahoo.com/favicon.ico
10,360.cn,http://360.cn/favicon.ico
12,amazon.com,http://amazon.com/favicon.ico
13,zoom.us,https://st1.zoom.us/zoom.ico
14,wikipedia.org,http://wikipedia.org/favicon.ico
15,sina.com.cn,http://sina.com.cn/favicon.ico
16,weibo.com,http://weibo.com/favicon.ico
17,live.com,https://ow2.res.office365.com/owalanding/2021.4.9.04/images/favicon.ico?v=4
18,reddit.com,http://reddit.com/favicon.ico
19,microsoft.com,http://microsoft.com/favicon.ico
20,xinhuanet.com,http://xinhuanet.com/favicon.ico
21,netflix.com,http://netflix.com/favicon.ico
22,office.com,https://officehome.cdn.office.net/images/content/images/favicon-8f211ea639.ico
23,okezone.com,https://cdn.okezone.com/www/2016/img/favicon.ico
24,vk.com,http://vk.com/favicon.ico
26,csdn.net,https://g.csdnimg.cn/static/logo/favicon32.ico
27,instagram.com,http://instagram.com/favicon.ico
28,myshopify.com,http://cdn.shopify.com/shopifycloud/shopify/assets/favicon-bdd4952d510d9607e893c45e36bba6b0a8c9c59cb8344e7a75ebe7215112b7f5.png
29,alipay.com,http://alipay.com/favicon.ico
30,yahoo.co.jp,https://s.yimg.jp/c/icon/s/bsc/2.0/favicon.ico
31,panda.tv,"data:image/vnd.microsoft.icon;base64,AAABAAEAICAAAAEAIACoEAAAFgAAACgAAAAgAAAAQAAAAAEAIAAAAAAAABAAAAAAAAAAAAAAAAAAAAAAAACb0h3/m9Qb/5rSG/+b0h3/mtEc/5rTGv+a0B//mtEc/5vTHP+a0xr/m9Mc/5vTHP+b1Bv/mtMa/5zUHf+c1Rz/mtMc/5nSG/+b0xz/mtIb/5vUG/+b1Bv/m9Mc/5rSG/+a0Rz/mtEc/5vTHP+a0hv/m9Id/5rTGv+a0hv/mtMd/5rTGv+a0hv/m9Mc/5rSG/+a0hv/m9UY/5rSG/+c1hr/nNUc/53WHf+d1xv/ndca/57YG/+e2Rn/nNgY/57aGv+d2Bj/ntkZ/57ZGf+e2Rn/ndgY/5/XGv+e1Rr/n9Ud/53TG/+b0xz/mtIb/5vUG/+Z0B3/m9Id/5nRGv+a0hv/mtEc/5rSG/+a0hv/m9Mc/5zVHP+c1B3/ntgb/53aGP+Z0xr/hrUc/3aZI/9ngSf/WW8n/1dpLv9RXjD/SlI0/0xXMf9SYDD/WGot/1pwKP9mgSv/dZgk/4e3G/+Z0xr/ntoX/57YHP+c1Rz/m9Mc/5vUG/+b0xz/m9If/5nQG/+a0hv/m9Qb/5vTHP+c1Rz/ntkZ/5LJGP9siiX/SlA3/y4oM/8qJC//Kicw/0lGT/9kYGv/bWl0/3h3gP+Dgov/gYCK/3l4gv9qaXP/ZGBr/0dETf8qJzD/KCUu/y0pNP9KUjP/aYoi/5PMFv+e2Rn/ntgc/5rTGv+a1Bj/mtMc/5vTHP+b1Rn/ndcb/5TMGf9bbCz/KSIv/zczPv+Ggo3/xcPJ//Py9P///////v7+/////////////////////v/+/f////7////+///////////+///////x8PT/wb/F/4GAif82Mj3/KyQx/1psKf+Uyxr/ntgb/5zVHP+a0hv/m9Id/57aGP9/qh3/NTE2/0ZDTP/Dwcf//f////3//v/+/v7//v/9/////////v///v7+/////////v///v3//////v////////////////////////////79/////v/////////+//+9u8H/PztG/zIxNf+Arx3/ntkZ/57UHP+e2Rn/gawf/y0nMv9/e4b///7////+/////////v7+//////////7//f78//39/f///v///v3///7+/v/+//3//f39//7+/v///v///f39/////v////7////+//////////////7////////9////eHh+/ygkL/+Eshz/odoa/5nVF/87OTj/eXWB//3////9//////7//////////v7//v/9//79/////v///v/9//7//f/9/vz//v/9///+///+/f///f39//7//f/+/v7//fz+//79///+/v7//v/9//7//f////7////////+//////7/cWx7/zs6Nv+a1hj/a4kk/zAwNv////////////3///////z////+///////8/v7////////9/////v3//v7+//79///9/vz//v7+///+/v/+/f///v7+//7+/v///v7///7+///////9//////7//////P////7///7////+/v/+/f//Lyw1/3CRIv9MVDX/hoWJ/////v////z///7///3///////7////+//////////7//v3///z//f/9/P7//v/9//z+///+/v7///////z+///+//3//fz+//r//v/+/v7///7////////9//////7////+/////////f/8//3//v9+fYH/Tlkz/zQzNf++u73/+/////7+/v/////////////////9/v///f////7+/v////7//v/9///////+/f///v7+//7//f///fz//v7+///+///9/P7///7+/////P/+/v7//////////////f/////+///////////////+/7Wwsv86PDb/Li4u/87My////v3/1dX9/8DA/P+8wPr/wsP7/9bV/f/7+f///f////3//////f////7+//7+/v/+/v7///7+//79///+/v7//v/9//79///+/f///v7+///+///4+P7/09X9/8DD+v++vv7/wMP6/9PV/f////7/w8TC/y0vL/84OjT/u7q2/7Sx//+lqP3/o6r//6qv/v+vrf//p6r//62x///6//7///7///z//f////7//v/9//z+/v////////////3///////z////+/////v///v//+////62u/v+qq///ra7//6uu//+lq/7/pqf9/7e2/v+zsbD/PkA0/0ZON/+Uk5X/8fD//8LC/v+1tP7/n5/l/46Nxf+gosv/5+b//////v///////P7+///9//////z//f/////////9/////f//////+////v//+/////////////7/5OL//56cyv+MjcX/oKDs/7Oz///Dwv//8/P//4qLj/9JVDP/YHUq/1dXV////v///////3l9d/8xLyf/MzQr/zExK/83NC//oqKi/////v///////////7Kxs/9vb2//QkNB/0VFRf9zc3P/t7a4//7+/v/////////+/5ydm/81Mi7/MC8r/zIxLf8vLiT/hYeB//7//f//////UFBQ/2N8Jv98pB3/JiQw////////////KSgk/zIzMf85Ojj/OTk5/zQzNf8qLCz/hYeH//////+UlZH/HB8d/2RjZf9gYGD/Y2Nj/2NkYv8bGhz/np+d//79//97fX7/Ky4s/zQ0NP85Ojj/PDo5/zAxLf8pKib///7///n3/f8nIy7/gawf/5zaFv8vLTP/o6Kr//z+/v8uLTH/NDQ0/z0+PP8+Pj7/PDw8/zY2Nv8uLi7/0tLS/1BQUP+Li4v//////////////////////39/f/9aWlr/xcXF/zAwMP82Njb/PDw8/z49P/8+PT//NDUz/zAvMf/9//7/mZih/zg2Nf+e2hj/n9sZ/2B5Kf87OT///////25vbf80NTP/Ozs7/z49P/8+Pj7/OTk5/zU1Nf9mZmb/nZ2d/8fHx//////////////////+/v7/vb29/6SkpP9fX1//NjY2/zs7O/8+Pj7/PTw+/zo7Of8xMi7/eHd5//7+/v83ND3/Y34o/6DcGf+j3Rr/lc4X/y8tM/+jo6P/4OHf/zExMf83ODb/PD07/z49P/8+Pj7/NDQ0/zo6Ov/+/v7///////Hx8f+ampr/nJyc//b29v///////////zAwMP84ODj/PT09/z08Pv87PDr/NTY0/zExMf/r6uz/mZia/zAtNv+a1hj/ot0X/6LgGP9cajT/MC40/zAvM//u7e//i4qO/zMyNv84ODj/PDw8/zw8PP80NDT/NTU1///////8/Pz/Jycn/yIiIv8kJCT/KSkp////////////MDAw/zY2Nv88PDz/Ojo6/zc2OP80NDT/lJOV/+Xk5v8wLzH/MS43/1ZmMf+h3Rv/dZUo/zkyP/83NTv/NzY4/0RFQ//7/Pr/bG1r/zY0NP82Njb/NDQ0/y0tLf9ubm7///////Pz8/8nJyf/LCws/ysrK/8pKSn//Pz8//////9mZmb/LS0t/zMzM/80NDT/NTU1/3Rzdf/29/X/QEE9/zc3N/84Nzv/NzM+/3CNKv9LVDn/Ojk9/zs8QP86Ozn/ODg4/0RFQ//m5ub/o6Ci/z09Pf8sLCz/WVlZ//X19f/////////////////q6ur/6+vr/////////////////+3t7f9SUlL/LCws/0FBQf+rrKr/5OTk/0BAQP86Ojr/OTo4/zs9Pv87OT//RUo7/z9APP88OkD/PTw+/z08Pv87Ozv/OTo4/zQ0NP+gn6H///7////+///+/f/////////////////////////////+/v7///////////////////////79/////v///v3//5uanP8zMjT/OTg6/zo6Ov89PD7/PT09/zs6Pv88Oz//T1s3/zo4Pv88Oz//PT48/z09Pf86PTv/NDY3/zU0Nv83Njr/j46Q/9zb3f///v///////////////////////////////////v7+///////+/f//2NfZ/4uKjP82NTn/NTQ2/zQ2Nv85Ozv/PDw8/z4/Pf88Oz3/OjdA/0pTOP+Aqyb/NzA9/zs1QP88Oz3/PT09/z09Pf86OD7/NDA7/0RKMf84OzL/JCAs/ywpMv9XVF3/gX6H/5WUmP+ko6X/oqSk/5WTmf+AfoT/V1Vb/ywoNP8lHzD/PUAx/0hSLv80MDv/OTc9/z4+Pv8+Pj7/PDs9/zw3QP83L0D/fKEn/6PiF/9qgy3/Ni1B/zgzQv83NkD/ODRA/zczP/9APzv/l9AZ/6DhE/+JuR3/b48i/1tvJv9OVy//REox/zQzN/8zMjT/Ojg3/09cMP9bdSL/b5Mj/4u9Gf+j4hf/mtUZ/0JDOv83MkH/ODU+/zY2PP83Mz//Ny5C/2V5MP+h3hj/ndcb/6HdGv+HsyT/VWI0/zw7Pf89OT7/XGo0/5XMHf+g3Br/ntgc/5/ZHP+h3Rr/pOUU/6HhFv9JUDX/Ly05/zw6Ov8xKzz/aYkq/6XoFf+l4Rf/n9sZ/53XGv+i2xv/ls8Z/15tM/8+Oz3/PTw+/1JdN/+AqyT/oNwa/53YGP+b1Rn/m9Qb/57XHv+g3Rf/oNwZ/6HeGP+e2hr/ndkb/5zUHf+b0xz/ndUY/6DbG/+d2Rn/TVY1/zApPv9XajH/mtMa/z0+Ov8uKD//b4sr/6DcGf+d2Bj/m9Mc/53THP+d1xv/n9sZ/6HeGP+g3Br/od8X/57ZGf+c1Rz/mtEc/5rRHP+b1Bv/mtMa/5vVGf+c1hr/nNUc/5vVGf+b1Bv/mdQY/5rSG/+f1hv/ntoa/01aNP8tI0H/T1c4/6HdGv+k4xf/kcMh/zgyPf8pIT//dZkn/53XG/+d0xz/m9Ya/5rRHP+b1Bv/m9UZ/5zWGv+b1Bv/m9Mc/5rSG/+b1Bv/mtEe/5rRHP+Z0xr/mdIb/5nRHv+Z0hv/mtIb/5rRHP+a0x3/mtEc/57VGv+d1xr/QkM6/0lSN/+c2Bj/otsa/5/WG/+g3Br/jb0h/zQuP/9mgSv/ntgc/53TG/+Y0Rr/mtEc/5rSG/+Z0hv/mtMd/5nSHP+Z0B//m9Id/5rRHv+b1Bv/mtIb/5nSG/+Y0Rv/mtMc/5jRGv+a0Rz/m9Id/5rSG/+a0hv/mtIb/53XG/+d2Rn/ntoa/53XGv+d0xz/ndMc/5vUG/+c1xv/ntkZ/57YHP+Z1Bj/nNQd/5zQHv+a0Rz/mtIb/5nSHP+a0x3/mdIb/5nSG/+a0hv/m9Mc/5rTHP+c0x7/mtMa/53THP+c0hv/nNYa/5rTGv+b0xz/mtMa/5rRHv+a0xr/m9Qb/53TG/+d0xz/mtMa/5rTHf+Z0hz/mtQY/5rUGP+d0xv/ndMc/5vUG/+a0xr/mtEc/5rTHP+b0xz/m9Qb/5zRHP+d0xv/mtMa/5vUG/+b0h3/AAAAAAAAAAAAAAAAAAAAAAAAAAAAAAAAAAAAAAAAAAAAAAAAAAAAAAAAAAAAAAAAAAAAAAAAAAAAAAAAAAAAAAAAAAAAAAAAAAAAAAAAAAAAAAAAAAAAAAAAAAAAAAAAAAAAAAAAAAAAAAAAAAAAAAAAAAAAAAAAAAAAAAAAAAA="
32,naver.com,http://naver.com/favicon.ico
33,zhanqi.tv,http://zhanqi.tv/favicon.ico
34,twitch.tv,http://twitch.tv/favicon.ico
35,google.com.hk,http://google.com.hk/favicon.ico
36,stackoverflow.com,http://stackoverflow.com/favicon.ico
37,bing.com,http://bing.com/favicon.ico
38,ebay.com,http://ebay.com/favicon.ico
39,adobe.com,http://adobe.com/favicon.ico
40,aliexpress.com,http://aliexpress.com/favicon.ico
41,amazon.in,http://amazon.in/favicon.ico
42,apple.com,http://apple.com/favicon.ico
43,china.com.cn,http://china.com.cn/favicon.ico
44,amazon.co.jp,http://amazon.co.jp/favicon.ico
46,google.co.in,http://google.co.in/favicon.ico
47,yandex.ru,http://yandex.ru/favicon.ico
48,tribunnews.com,http://tribunnews.com/favicon.ico
49,twitter.com,http://twitter.com/favicon.ico
50,instructure.com,http://instructure.com/themes/custom/themekit/favicon.ico
51,dropbox.com,https://cfl.dropboxstatic.com/static/images/favicon-vflY996NT.ico
52,mail.ru,http://mail.ru/favicon.ico
53,linkedin.com,http://linkedin.com/favicon.ico
54,sogou.com,http://sogou.com/favicon.ico
55,msn.com,http://msn.com/favicon.ico
56,google.cn,http://google.cn/favicon.ico
57,huanqiu.com,http://rs2.huanqiucdn.cn/huanqiu/image/www/common/favicon1.ico
58,1688.com,http://1688.com/favicon.ico
59,wordpress.com,http://wordpress.com/favicon.ico
60,ok.ru,http://ok.ru/favicon.ico
61,aparat.com,http://aparat.com/favicon.ico
62,amazonaws.com,https://a0.awsstatic.com/libra-css/images/site/fav/favicon.ico
63,google.com.br,http://google.com.br/favicon.ico
64,espn.com,http://espn.com/favicon.ico
65,alibaba.com,http://alibaba.com/favicon.ico
66,whatsapp.com,http://whatsapp.com/favicon.ico
67,google.de,http://google.de/favicon.ico
68,imdb.com,http://imdb.com/favicon.ico
69,mama.cn,http://mama.cn/favicon.ico
70,etsy.com,http://etsy.com/favicon.ico
71,imgur.com,http://imgur.com/favicon.ico
72,kompas.com,https://asset.kompas.com/data/2017/wp/images/favicon2017.ico
73,rakuten.co.jp,http://rakuten.co.jp/favicon.ico
74,cnn.com,http://cnn.com/favicon.ico
75,detik.com,http://detik.com/favicon.ico
76,spotify.com,http://spotify.com/favicon.ico
77,freepik.com,http://freepik.com/favicon.ico
78,bbc.com,http://bbc.com/favicon.ico
79,jrj.com.cn,http://jrj.com.cn/favicon.ico
80,amazon.co.uk,http://amazon.co.uk/favicon.ico
81,ettoday.net,http://ettoday.net/favicon.ico
82,flipkart.com,https://static-assets-web.flixcart.com/www/promos/new/20150528-140547-favicon-retina.ico
83,nytimes.com,http://nytimes.com/favicon.ico
84,pixnet.net,http://pixnet.net/icon-144x144.png
85,udemy.com,http://udemy.com/favicon.ico
86,aliyun.com,http://aliyun.com/favicon.ico
87,thestartmagazine.com,http://thestartmagazine.com/favicon.ico
88,bilibili.com,http://bilibili.com/favicon.ico
89,okta.com,http://okta.com/favicon.ico
90,google.fr,http://google.fr/favicon.ico
91,so.com,http://so.com/favicon.ico
92,google.ru,http://google.ru/favicon.ico
93,babytree.com,http://babytree.com/favicon.ico
94,soundcloud.com,http://soundcloud.com/favicon.ico
95,grid.id,https://asset-a.grid.id/new_image/GridID-grid-icon.ico
96,booking.com,https://cf.bstatic.com/static/img/b25logo/favicon/ebc77706da3aae4aee7b05dadf182390f0d26d11.ico
97,wetransfer.com,http://wetransfer.com/favicon.ico
98,padlet.com,http://padlet.com/favicon.ico
99,canva.com,http://canva.com/favicon.ico
100,discord.com,http://discord.com/assets/847541504914fd33810e70a0ea73177e.ico
101,hao123.com,http://hao123.com/favicon.ico
102,amazon.de,http://amazon.de/favicon.ico
103,soso.com,http://soso.com/favicon.ico
104,google.it,http://google.it/favicon.ico
105,6.cn,https://vr0.6rooms.com/imges/favicon.ico
106,cnblogs.com,http://cnblogs.com/favicon.ico
107,tumblr.com,http://tumblr.com/favicon.ico
108,github.com,http://github.com/favicon.ico
109,paypal.com,http://paypal.com/favicon.ico
110,roblox.com,http://roblox.com/favicon.ico
111,google.es,http://google.es/favicon.ico
112,youm7.com,http://youm7.com/favicon.ico
113,fandom.com,http://fandom.com/favicon.ico
114,tradingview.com,http://tradingview.com/favicon.ico
115,tokopedia.com,http://tokopedia.com/favicon.ico
116,zillow.com,http://zillow.com/favicon.ico
117,google.com.mx,http://google.com.mx/favicon.ico
118,shutterstock.com,http://shutterstock.com/favicon.ico
119,daum.net,http://daum.net/favicon.ico
120,speedtest.net,http://speedtest.net/favicon.ico
121,metropoles.com,http://metropoles.com/favicon.ico
122,nih.gov,http://nih.gov/favicon.ico
123,google.com.sg,http://google.com.sg/favicon.ico
124,grammarly.com,https://static.grammarly.com/assets/files/02e38e7b8286916a6fa53b5b5f73d8f7/apple-touch-icon.png
125,google.com.tw,http://google.com.tw/favicon.ico
126,haosou.com,http://haosou.com/favicon.ico
127,liputan6.com,http://liputan6.com/favicon.ico
128,salesforce.com,http://salesforce.com/favicon.ico
129,investing.com,http://investing.com/favicon.ico
130,indeed.com,http://indeed.com/images/favicon.ico
131,savefrom.net,http://savefrom.net/favicon.ico
132,google.co.uk,http://google.co.uk/favicon.ico
133,bbc.co.uk,http://bbc.co.uk/favicon.ico
134,ilovepdf.com,http://ilovepdf.com/favicon.ico
135,cnet.com,http://cnet.com/favicon.ico
136,digikala.com,http://digikala.com/favicon.ico
137,vimeo.com,http://vimeo.com/favicon.ico
140,gome.com.cn,http://gome.com.cn/favicon.ico
141,avito.ru,http://avito.ru/favicon.ico
142,craigslist.org,http://craigslist.org/favicon.ico
143,chase.com,http://chase.com/favicon.ico
144,mediafire.com,http://mediafire.com/favicon.ico
145,eastday.com,http://eastday.com/favicon.ico
146,google.com.tr,http://google.com.tr/favicon.ico
147,researchgate.net,http://researchgate.net/favicon.ico
148,tiktok.com,https://s16.tiktokcdn.com/musical/resource/wap/static/image/logo_144c91a.png?v=2
149,tistory.com,http://tistory.com/favicon.ico
150,duckduckgo.com,http://duckduckgo.com/favicon.ico
151,amazon.ca,http://amazon.ca/favicon.ico
152,theguardian.com,http://theguardian.com/favicon.ico
154,pinterest.com,http://pinterest.com/favicon.ico
155,wix.com,http://wix.com/favicon.ico
156,office365.com,https://c.s-microsoft.com/favicon.ico?v2
157,iqiyi.com,http://iqiyi.com/favicon.ico
158,archive.org,http://archive.org/favicon.ico
159,webex.com,http://webex.com/content/dam/wbx/global/images/webex-favicon.png
161,bet9ja.com,http://bet9ja.com/favicon.ico
162,primevideo.com,http://primevideo.com/favicon.ico
163,slideshare.net,http://slideshare.net/favicon.ico
164,walmart.com,http://walmart.com/favicon.ico
165,godaddy.com,http://img6.wsimg.com/ux/favicon/apple-icon-114x114.png
166,telegram.org,http://telegram.org/favicon.ico
167,mega.nz,http://mega.nz/favicon.ico
168,healthline.com,http://healthline.com/favicon.ico
169,line.me,http://line.me/favicon.ico
170,force.com,https://www.salesforce.com/etc/designs/sfdc-www/en_us/favicon.ico
171,forbes.com,http://forbes.com/favicon.ico
172,google.ca,http://google.ca/favicon.ico
174,amazon.it,http://amazon.it/favicon.ico
175,google.com.sa,http://google.com.sa/favicon.ico
176,lazada.sg,http://lazada.sg/favicon.ico
177,pikiran-rakyat.com,https://assets.pikiran-rakyat.com/www/2019/desktop/images/favicon.ico?v=339
178,skype.com,http://skype.com/favicon.ico
179,varzesh3.com,https://static.farakav.com/v3content/assets/img/favicon/favicon.ico
180,setn.com,http://setn.com/favicon.ico
181,sindonews.com,https://sd.sindonews.net/wp/2017/images/icon/favicon.ico
182,google.com.eg,http://google.com.eg/favicon.ico
183,americanexpress.com,http://americanexpress.com/favicon.ico
184,fedex.com,http://fedex.com/favicon.ico
185,google.com.ar,http://google.com.ar/favicon.ico
186,blackboard.com,http://blackboard.com/themes/custom/blackboard/images/apple-touch-icon-57x57-precomposed.png
187,deepl.com,http://deepl.com/img/favicon/favicon_16.png
188,ebay.de,http://ebay.de/favicon.ico
189,smallpdf.com,http://smallpdf.com/favicon.ico
191,worldometers.info,http://worldometers.info/favicon/favicon.ico
192,stackexchange.com,http://stackexchange.com/favicon.ico
193,suara.com,http://suara.com/favicon.ico
194,homedepot.com,http://homedepot.com/favicon.ico
195,w3schools.com,http://w3schools.com/favicon.ico
196,businessinsider.com,http://businessinsider.com/favicon.ico
197,ca.gov,http://ca.gov/favicon.ico
198,heavy.com,http://heavy.com/favicon.ico
199,zerodha.com,http://zerodha.com/static/images/favicon.png
200,chouftv.ma,http://chouftv.ma/favicon.ico
201,t.co,http://t.co/favicon.ico
202,cnbc.com,http://cnbc.com/favicon.ico
203,behance.net,http://behance.net/favicon.ico
204,ikea.com,http://ikea.com/favicon.ico
206,washingtonpost.com,http://washingtonpost.com/favicon.ico
207,taboola.com,http://taboola.com/favicon.ico
208,uol.com.br,https://hp.imguol.com.br/c/home/layout/camaleao/favico/favico.ico
209,ltn.com.tw,https://www.ltn.com.tw/assets/images/favicon.ico
210,merdeka.com,http://merdeka.com/favicon.ico
211,51sole.com,http://51sole.com/favicon.ico
212,namnak.com,http://namnak.com/favicon.ico
213,breitbart.com,http://breitbart.com/favicon.ico
214,box.com,http://box.com/favicon.ico
215,hulu.com,http://hulu.com/favicon.ico
216,dailymail.co.uk,http://dailymail.co.uk/favicon.ico
217,t.me,http://t.me/favicon.ico
218,aliexpress.ru,http://aliexpress.ru/favicon.ico
219,amazon.cn,http://amazon.cn/favicon.ico
220,shaparak.ir,http://shaparak.ir/favicon.ico
221,patch.com,http://patch.com/favicon.ico
222,gosuslugi.ru,http://gosuslugi.ru/favicon.ico
223,google.co.th,http://google.co.th/favicon.ico
224,globo.com,http://globo.com/favicon.ico
226,icicibank.com,http://icicibank.com/favicon.ico
227,slack.com,http://slack.com/favicon.ico
228,360.com,https://www.360.cn/favicon.ico
229,wikihow.com,http://wikihow.com/favicon.ico
230,weather.com,http://weather.com/favicon.ico
231,namu.wiki,http://namu.wiki/favicon.ico
232,evernote.com,http://evernote.com/favicon.ico
233,payoneer.com,http://payoneer.com/favicon.ico
234,sahibinden.com,http://sahibinden.com/favicon.ico
235,bestbuy.com,http://bestbuy.com/favicon.ico
237,amazon.fr,http://amazon.fr/favicon.ico
238,ebay.co.uk,http://ebay.co.uk/favicon.ico
239,airbnb.com,http://airbnb.com/favicon.ico
240,hootsuite.com,http://hootsuite.com/favicon.ico
241,samsung.com,http://samsung.com/etc.clientlibs/samsung/clientlibs/consumer/global/clientlib-common/resources/images/Favicon.png
242,iqoption.com,https://static.cdnpub.info/v5/static/images/favicon.75197939de8fdf88993ac5093a182d13.ico
243,hp.com,http://hp.com/favicon.ico
246,coursera.org,http://coursera.org/favicon.ico
247,zhihu.com,http://zhihu.com/favicon.ico
248,amazon.es,http://amazon.es/favicon.ico
249,google.co.id,http://google.co.id/favicon.ico
250,redd.it,https://www.redditstatic.com/desktop2x/img/favicon/apple-icon-57x57.png
252,reverso.net,https://cdn.reverso.net/context/v4010/reverso-context-fav.ico
253,target.com,http://target.com/favicon.ico
254,trello.com,http://trello.com/favicon.ico
255,kapanlagi.com,http://kapanlagi.com/favicon.ico
256,sberbank.ru,http://sberbank.ru/favicon.ico
257,mercadolibre.com.mx,http://mercadolibre.com.mx/favicon.ico
258,proiezionidiborsa.it,http://proiezionidiborsa.it/favicon.ico
259,google.pl,http://google.pl/favicon.ico
260,mercadolivre.com.br,http://mercadolivre.com.br/favicon.ico
261,rambler.ru,http://rambler.ru/favicon.ico
262,messenger.com,https://static.xx.fbcdn.net/rsrc.php/ym/r/YQbyhl59TWY.ico
263,investopedia.com,http://investopedia.com/favicon.ico
264,medium.com,http://medium.com/favicon.ico
265,softonic.com,http://softonic.com/favicon.ico
266,hoodsite.com,https://hoodsite.com/wp-content/uploads/2021/06/cropped-hs-icon-32x32.jpeg
267,mercari.com,http://mercari.com/favicon.ico
268,mercadolibre.com.ar,http://mercadolibre.com.ar/favicon.ico
269,weebly.com,http://weebly.com/favicon.ico
270,scribd.com,http://scribd.com/favicon.ico
271,kakao.com,http://kakao.com/favicon.ico
272,geeksforgeeks.org,http://geeksforgeeks.org/favicon.ico
275,videocampaign.co,http://videocampaign.co/favicon.ico
276,flaticon.com,http://flaticon.com/favicon.ico
277,ask.com,http://ask.com/favicon.ico
279,telewebion.com,http://telewebion.com/favicon.ico
280,emofid.com,http://emofid.com/media/1124/favicon.ico
281,dailymotion.com,http://dailymotion.com/favicon.ico
282,kumparan.com,http://kumparan.com/favicon.ico
283,sciencedirect.com,http://sciencedirect.com/favicon.ico
284,blogger.com,http://blogger.com/favicon.ico
285,idntimes.com,http://idntimes.com/favicon.ico
286,bet365.com,http://bet365.com/favicon.ico
287,ouedkniss.com,http://ouedkniss.com/images/favicon.ico
288,abs-cbn.com,https://data-corporate.abs-cbn.com/corp/medialibrary/corphub/assets/favicon.png
289,dell.com,http://dell.com/favicon.ico
290,fast.com,http://fast.com/assets/favicons/favicon-96x96.png
291,gmx.net,http://gmx.net/favicon.ico
292,thesaurus.com,https://www.thesaurus.com/hp-assets/_next/static/images/favicon-tcom-0d297be7e698b98c9da809d355171253.png
293,indiamart.com,http://indiamart.com/favicon.ico
294,op.gg,http://op.gg/favicon.ico
295,google.com.au,http://google.com.au/favicon.ico
296,trustpilot.com,http://trustpilot.com/favicon.ico
297,marketwatch.com,http://marketwatch.com/favicon.ico
298,pinimg.com,http://pinimg.com/favicon.ico
299,youdao.com,https://shared.ydstatic.com/images/favicon.ico
300,rt.com,http://rt.com/favicon.ico
301,allegro.pl,http://allegro.pl/favicon.ico
303,shopee.co.id,http://shopee.co.id/favicon.ico
304,khanacademy.org,http://khanacademy.org/favicon.ico
305,citi.com,http://citi.com/favicon.ico
306,goodreads.com,http://goodreads.com/favicon.ico
307,realtor.com,http://realtor.com/favicon.ico
308,shopee.tw,http://shopee.tw/favicon.ico
309,cnzz.com,http://cnzz.com/favicon.ico
310,tsetmc.com,http://tsetmc.com/favicon.ico
311,academia.edu,http://academia.edu/favicon.ico
312,mheducation.com,http://mheducation.com/etc/designs/unitas/favicon.ico
313,xfinity.com,http://xfinity.com/favicon.ico
314,81.cn,http://81.cn/favicon.ico
315,google.gr,http://google.gr/favicon.ico
316,wsj.com,http://wsj.com/favicon.ico
317,ebay-kleinanzeigen.de,http://ebay-kleinanzeigen.de/static/img/favicon.1hf6kaeaeu89h.png
318,ensonhaber.com,http://ensonhaber.com/favicon.ico
319,squarespace.com,http://squarespace.com/favicon.ico
320,moneycontrol.com,http://moneycontrol.com/favicon.ico
321,fc2.com,http://fc2.com/favicon.ico
323,chess.com,http://chess.com/bundles/web/favicons/favicon-32x32.c2a8280d.png
324,gamepedia.com,https://mercury-media.cursecdn.com/avatars/0/676/635077524106421849.png
326,chegg.com,http://chegg.com/favicon.ico
327,fiverr.com,http://fiverr.com/favicon.ico
328,ladbible.com,http://ladbible.com/favicon.ico
329,cnnic.cn,http://cnnic.cn/favicon.ico
330,mofidonline.com,http://mofidonline.com/favicon.ico
332,eba.gov.tr,http://eba.gov.tr/favicon.ico
334,wikimedia.org,https://foundation.wikimedia.org/favicon.ico
335,cambridge.org,http://cambridge.org/favicon.ico
336,surveymonkey.com,http://surveymonkey.com/favicon.ico
337,google.co.kr,http://google.co.kr/favicon.ico
338,web.de,http://web.de/favicon.ico
339,in.gr,http://in.gr/favicon.ico
340,orange.fr,http://orange.fr/favicon.ico
341,note.com,http://note.com/favicon.ico
342,nicovideo.jp,http://nicovideo.jp/favicon.ico
343,divar.ir,http://divar.ir/favicon.ico
344,gmw.cn,http://gmw.cn/favicon.ico
345,google.com.vn,http://google.com.vn/favicon.ico
346,patreon.com,https://c5.patreon.com/external/favicon/apple-touch-icon.png?v=jw6AR4Rg74
347,nike.com,http://nike.com/favicon.ico
348,dbs.com.sg,http://dbs.com.sg/favicon.ico
349,hurriyet.com.tr,http://hurriyet.com.tr/favicon.ico
350,azure.com,http://azurecomcdn.azureedge.net/cvt-e3a122c14d54133f4987ad39a20b68bf418820b5ebac6c6a421232bba29588e9/images/icon/favicon.ico
351,104.com.tw,http://104.com.tw/favicon.ico
352,infobae.com,http://infobae.com/favicon.ico
353,cbssports.com,http://cbssports.com/favicon.ico
355,dcard.tw,http://dcard.tw/favicon.ico
356,wildberries.ru,http://wildberries.ru/favicon.ico
357,dribbble.com,https://cdn.dribbble.com/assets/apple-touch-icon-precomposed-1c6d9b0a173f5b2d5c392ea101bb206ee9a2a39bef19eb21513b857eeb3624d2.png
358,cnnindonesia.com,http://cnnindonesia.com/favicon.ico
359,inquirer.net,http://inquirer.net/favicon.ico
360,reuters.com,http://reuters.com/favicon.ico
361,qoo10.sg,http://qoo10.sg/favicon.ico
362,shopee.vn,http://shopee.vn/favicon.ico
363,aol.com,https://s.yimg.com/cv/apiv2/aolfp/images/favicon/apple-touch-icon-57x57.png
364,gotowebinar.com,http://gotowebinar.com/-/media/project/global/favicon-webinar.png
365,steamcommunity.com,http://steamcommunity.com/favicon.ico
366,adp.com,http://adp.com/favicon.ico
367,filimo.com,http://filimo.com/favicon.ico
368,gismeteo.ru,http://gismeteo.ru/favicon.ico
369,albawabhnews.com,http://albawabhnews.com/favicon.ico
371,haofang.net,http://haofang.net/favicon.ico
372,jpnn.com,http://jpnn.com/favicon.ico
373,9gag.com,http://9gag.com/favicon.ico
374,bankofamerica.com,http://bankofamerica.com/favicon.ico
376,tripadvisor.com,http://tripadvisor.com/favicon.ico
377,pearson.com,http://pearson.com/etc/designs/global-store/sites/en/favicon.ico
378,alodokter.com,http://alodokter.com/assets/cms_engine/favicon-ceb59d400927f792b36ef791c3c2b8ce7a5e62df114a75d95b6b75d58076c6bc.ico
379,webmd.com,http://webmd.com/favicon.ico
380,shopee.com.my,http://shopee.com.my/favicon.ico
381,remove.bg,http://remove.bg/favicon.ico
382,ecosia.org,https://cdn-static.ecosia.org/assets/images/ico/favicon.ico
383,quora.com,http://quora.com/favicon.ico
384,tutorialspoint.com,http://tutorialspoint.com/favicon.ico
385,agah.com,http://agah.com/logo-agah.ico
386,huaban.com,http://huaban.com/favicon.ico
387,zendesk.com,http://zendesk.com/favicon.ico
388,cnbcindonesia.com,http://cnbcindonesia.com/favicon.ico
389,doubleclick.net,http://doubleclick.net/favicon.ico
390,mozilla.org,http://mozilla.org/favicon.ico
391,gsmarena.com,http://gsmarena.com/favicon.ico
392,thepiratebay.org,http://thepiratebay.org/favicon.ico
394,ih5.cn,http://ih5.cn/favicon.ico
396,docusign.net,http://docusign.net/favicon.ico
397,zoho.com,http://zoho.com/favicon.ico
400,wellsfargo.com,http://wellsfargo.com/favicon.ico
401,efu.com.cn,http://efu.com.cn/favicon.ico
402,td.com,http://td.com/us/en/personal-banking/system/v1.5/assets/img/favicon.ico
403,sourceforge.net,http://sourceforge.net/favicon.ico
404,google.co.ve,http://google.co.ve/favicon.ico
405,yts.mx,http://yts.mx/assets/images/website/favicon.ico
406,beytoote.com,http://beytoote.com/favicon.ico
407,elbalad.news,http://elbalad.news/themes/elbalad/assets/images/favicon/apple-icon-57x57.png
408,nikkei.com,http://nikkei.com/.resources/static/app/icons/favicon-180.rev-79352c.png
410,douban.com,http://douban.com/favicon.ico
411,asos.com,http://asos.com/favicon.ico
412,ria.ru,https://cdn22.img.ria.ru/i/favicons/apple-touch-icon-57x57.png
413,ebay.com.au,http://ebay.com.au/favicon.ico
414,outbrain.com,http://outbrain.com/favicon.ico
415,genius.com,http://genius.com/favicon.ico
416,att.com,http://att.com/favicon.ico
417,spankbang.com,http://spankbang.com/favicon.ico
419,nfl.com,https://static.www.nfl.com/league/run3dfyjniqxah4ehxfu
421,wordreference.com,http://wordreference.com/favicon.ico
422,canada.ca,http://canada.ca/favicon.ico
423,hespress.com,http://hespress.com/favicon.ico
424,mathrubhumi.com,http://mathrubhumi.com/favicon.ico
425,aajtak.in,http://aajtak.in/favicon.ico
426,google.com.ua,http://google.com.ua/favicon.ico
427,livejournal.com,http://livejournal.com/favicon.ico
428,vnexpress.net,http://vnexpress.net/favicon.ico
429,marca.com,http://marca.com/favicon.ico
430,brilio.net,http://brilio.net/favicon.ico
431,58.com,http://58.com/favicon.ico
433,asriran.com,http://asriran.com/favicon.ico
435,kompasiana.com,https://assets.kompasiana.com/statics/2018_kompasiana/icons/152.png
436,norton.com,http://norton.com/favicon.ico
437,namasha.com,http://namasha.com/favicon.ico
438,issuu.com,http://issuu.com/favicon.ico
439,mgid.com,http://mgid.com/favicon.ico
441,irs.gov,http://irs.gov/favicon.ico
442,iyiou.com,http://iyiou.com/favicon.ico
443,biobiochile.cl,http://biobiochile.cl/favicon.ico
444,memurlar.net,http://memurlar.net/favicon.ico
445,ninisite.com,http://ninisite.com/favicon.ico
446,gusuwang.com,http://gusuwang.com/favicon.ico
447,libero.it,http://libero.it/favicon.ico
448,linktr.ee,https://d1nnwinjc04txl.cloudfront.net/favicon-32x32.png?v=530918d2c86b9dd11c4fde40fa99d1b4
449,qualtrics.com,http://qualtrics.com/favicon.ico
450,oracle.com,http://oracle.com/favicon.ico
451,typeform.com,http://typeform.com/favicon.ico
453,trendyol.com,https://cdn.dsmcdn.com/web/production/favicon.ico
454,ibicn.com,https://file.ibicn.com/favicon.ico
456,intuit.com,http://intuit.com/favicon.ico
458,elfagr.com,http://elfagr.com/images/favicon/apple-icon-57x57.png
459,zippyshare.com,http://zippyshare.com/images/favicon.ico
460,discordapp.com,http://discordapp.com/assets/847541504914fd33810e70a0ea73177e.ico
462,udn.com,http://udn.com/favicon.ico
463,eatthis.com,https://i2.wp.com/www.eatthis.com/wp-content/uploads/2017/10/cropped-ETNTfavicon.png?fit=32%2C32&ssl=1
464,fool.com,http://fool.com/favicon.ico
465,usps.com,http://usps.com/favicon.ico
466,onet.pl,http://onet.pl/favicon.ico
467,amazon.com.au,http://amazon.com.au/favicon.ico
468,rediff.com,http://rediff.com/favicon.ico
470,ups.com,http://ups.com/favicon.ico
471,buzzfeed.com,http://buzzfeed.com/favicon.ico
473,shopify.com,http://shopify.com/favicon.ico
474,feedly.com,http://feedly.com/favicon.ico
475,360doc.com,http://360doc.com/favicon.ico
476,mit.edu,http://mit.edu/favicon.ico
477,coursehero.com,http://coursehero.com/favicon.ico
478,quizizz.com,http://quizizz.com/favicon.ico
479,duolingo.com,http://d35aaqx5ub95lt.cloudfront.net/images/duolingo-touch-icon2.png
480,wordpress.org,http://wordpress.org/favicon.ico
481,folgory.com,https://cloud1.folgory.com/folgory/logo/1599317050fave.png
482,transferwise.com,http://transferwise.com/favicon.ico
483,toutiao.com,http://toutiao.com/favicon.ico
485,turkiye.gov.tr,http://turkiye.gov.tr/favicon.ico
486,alnaharegypt.com,http://alnaharegypt.com/favicon.ico
487,winshang.com,http://jscss.winshang.com/www/images/favicon.ico
488,gdanstum.net,http://gdanstum.net/favicon.ico
489,web-hosting.com,http://web-hosting.com/assets/img/nc-icon/favicon.ico
490,ny.gov,http://ny.gov/favicon.ico
491,mileroticos.com,http://mileroticos.com/favicon.ico
492,borna.news,http://borna.news/favicon.ico
493,bhphotovideo.com,http://bhphotovideo.com/favicon.ico
496,merriam-webster.com,http://merriam-webster.com/favicon.ico
498,xbox.com,http://xbox.com/favicon.ico
499,xero.com,http://xero.com/content/dam/xero/pilot-images/admin/icons/favicon/favicon.ico
500,epicgames.com,http://epicgames.com/favicon.ico
501,google.com.pe,http://google.com.pe/favicon.ico
502,deviantart.com,http://deviantart.com/favicon.ico
503,cengage.com,http://cengage.com/favicon.ico
504,wp.pl,http://wp.pl/favicon.ico
505,springer.com,http://springer.com/favicon.ico
507,wegotthiscovered.com,http://wegotthiscovered.com/favicon.ico
508,lenta.ru,http://lenta.ru/favicon.ico
509,tandfonline.com,http://tandfonline.com/favicon.ico
510,pchome.com.tw,http://pchome.com.tw/favicon.ico
511,donya-e-eqtesad.com,http://donya-e-eqtesad.com/favicon.ico
512,naukri.com,http://naukri.com/favicon.ico
513,techradar.com,http://techradar.com/favicon.ico
514,prothomalo.com,http://prothomalo.com/favicon.ico
515,emperation.club,"data:@file/jpeg;base64,"
516,oschina.net,http://oschina.net/favicon.ico
518,hamariweb.com,http://hamariweb.com/favicon.ico
519,bitly.com,http://bitly.com/favicon.ico
521,google.be,http://google.be/favicon.ico
523,mi.com,http://mi.com/favicon.ico
524,wattpad.com,http://wattpad.com/favicon.ico
525,npr.org,http://npr.org/favicon.ico
526,ekaie.com,http://ekaie.com/favicon.ico
527,tahiamasr.com,http://tahiamasr.com/favicon.ico
528,yc58.com,http://yc58.com/images/myfav.ico
530,urdupoint.com,http://urdupoint.com/favicon.ico
531,lazada.co.th,http://lazada.co.th/favicon.ico
532,lenovo.com,http://lenovo.com/favicon.ico
533,smartsheet.com,http://smartsheet.com/favicon.ico
534,ccaonline.cn,http://ccaonline.cn/favicon.ico
535,house365.com,http://house365.com/favicon.ico
536,premierleague.com,http://premierleague.com/resources/prod/cae652b-3547/i/favicon/apple-touch-icon-57x57.png
537,nvidia.com,http://nvidia.com/favicon.ico
538,cnbeta.com,http://cnbeta.com/favicon.ico
539,elpais.com,http://elpais.com/favicon.ico
540,creditkarma.com,http://creditkarma.com/favicon.ico
541,brainly.com.br,http://brainly.com.br/favicon.ico
542,disneyplus.com,http://disneyplus.com/favicon.ico
543,playstation.com,https://gmedia.playstation.com/is/image/SIEPDC/ps-logo-favicon?$icon-16-16--t$
544,ytmp3.cc,http://ytmp3.cc/favicon.ico
545,squareup.com,http://squareup.com/favicon.ico
546,seznam.cz,http://seznam.cz/favicon.ico
548,as.com,http://as.com/favicon.ico
549,repubblica.it,http://repubblica.it/favicon.ico
550,newegg.com,http://newegg.com/favicon.ico
552,wish.com,http://wish.com/favicon.ico
553,wiktionary.org,http://wiktionary.org/favicon.ico
554,mseav.com,http://mseav.com/favicon.ico
555,google.dz,http://google.dz/favicon.ico
556,hh.ru,http://hh.ru/favicon.ico
557,wondershare.com,http://wondershare.com/favicon.ico
558,shopee.co.th,http://shopee.co.th/favicon.ico
559,westernjournal.com,http://westernjournal.com/favicon.ico
560,www.gov.uk,http://www.gov.uk/favicon.ico
561,royalbank.com,http://royalbank.com/favicon.ico
562,17track.net,http://res.17track.net/global-v2/favicon.ico?v=20170712
563,xe.com,http://xe.com/favicon.ico
564,wp.com,http://wp.com/favicon.ico
565,europa.eu,http://europa.eu/favicon.ico
566,pixiv.net,http://pixiv.net/favicon.ico
568,uptodown.com,http://uptodown.com/favicon.ico
569,files.wordpress.com,http://files.wordpress.com/favicon.ico
570,elintransigente.com,https://elintransigente.com/wp-content/uploads/2019/04/descarga-1-1.jpg
571,google.ro,http://google.ro/favicon.ico
572,dmm.co.jp,http://dmm.co.jp/favicon.ico
573,lifo.gr,http://lifo.gr/favicon.ico
574,steampowered.com,http://steampowered.com/favicon.ico
575,rutracker.org,http://rutracker.org/favicon.ico
576,olx.pl,http://olx.pl/favicon.ico
577,indianexpress.com,http://indianexpress.com/favicon.ico
578,kahoot.it,http://kahoot.it/favicon.ico
580,google.az,http://google.az/favicon.ico
581,elcomercio.com,http://elcomercio.com/favicon.ico
582,huawei.com,http://huawei.com/favicon.ico
584,arcgis.com,http://arcgis.com/favicon.ico
585,service-now.com,https://www.servicenow.com/content/dam/servicenow-assets/public/en-us/images/og-images/favicon.ico
586,timeanddate.com,http://timeanddate.com/favicon.ico
588,zol.com.cn,http://zol.com.cn/favicon.ico
589,vtv.vn,https://vtv1.mediacdn.vn/web_images/vtv32.png
590,cisco.com,http://cisco.com/favicon.ico
591,britannica.com,http://britannica.com/favicon.ico
592,mfisp.com,http://mfisp.com/favicon.ico
593,mos.ru,http://mos.ru/static/images/favicon/favicon.ico
594,chron.com,http://chron.com/favicon.ico
595,google.com.co,http://google.com.co/favicon.ico
596,free.fr,http://free.fr/favicon.ico
597,inmotionhosting.com,http://inmotionhosting.com/favicon.ico
599,znanija.com,http://znanija.com/favicon.ico
600,epfindia.gov.in,http://epfindia.gov.in/favicon.ico
602,mayoclinic.org,http://mayoclinic.org/favicon.ico
603,elmogaz.com,http://elmogaz.com/favicon.ico
604,kundelik.kz,http://kundelik.kz/favicon.ico
605,loom.com,https://cdn.loom.com/assets/favicons-loom/favicon.ico
606,ibm.com,http://ibm.com/favicon.ico
607,hm.com,http://hm.com/favicon.ico
608,zhibo8.cc,http://zhibo8.cc/favicon.ico
609,dictionary.com,https://www.dictionary.com/hp-assets/_next/static/images/favicon-dcom-94e56a525da4e9fe0cda10a944923c91.png
610,sakshi.com,http://sakshi.com/favicon.ico
611,intel.com,http://intel.com/favicon.ico
612,dafont.com,http://dafont.com/favicon.ico
613,google.com.pk,http://google.com.pk/favicon.ico
614,tudou.com,http://tudou.com/favicon.ico
616,who.int,http://who.int/favicon.ico
617,pandora.com,http://pandora.com/favicon.ico
618,ign.com,http://ign.com/favicon.ico
619,themeforest.net,http://themeforest.net/favicon.ico
620,olx.ua,http://olx.ua/favicon.ico
621,skroutz.gr,http://skroutz.gr/favicon.ico
622,autodesk.com,http://autodesk.com/favicon.ico
623,emalls.ir,http://emalls.ir/favicon.ico
624,torob.com,http://torob.com/favicon.ico
625,elsevier.com,https://cdn.elsevier.io/matrix/includes/favicons/apple-touch-icon-114x11.png
626,mlb.com,http://mlb.com/favicon.ico
627,hubspot.com,http://hubspot.com/favicon.ico
628,capitalone.com,http://capitalone.com/favicon.ico
629,google.co.za,http://google.co.za/favicon.ico
630,t-online.de,http://t-online.de/favicon.ico
631,lun.com,https://www.lun.com/favicon.ico
632,lazada.com.my,http://lazada.com.my/favicon.ico
633,ecollege.com,http://ecollege.com/us/etc/designs/one-dot-com/one-dot-com/us/favicon.ico
636,cdc.gov,http://cdc.gov/favicon.ico
637,aofex.com,http://aofex.com/aofex.ico
639,android.com,http://android.com/favicon.ico
640,study.com,http://study.com/favicon.ico
641,fivethirtyeight.com,http://fivethirtyeight.com/favicon.ico
642,google.ch,http://google.ch/favicon.ico
643,pngtree.com,http://pngtree.com/favicon.ico
644,sabq.org,http://sabq.org/favicon.ico
645,gongchang.com,http://gongchang.com/favicon.ico
646,tejaratnews.com,https://tejaratnews.com/wp-content/uploads/2020/12/tj-fav-512x512-2.png
647,youth.cn,http://youth.cn/favicon.ico
648,mailchimp.com,http://mailchimp.com/favicon.ico
649,xabbs.com,http://xabbs.com/favicon.ico
650,google.cl,http://google.cl/favicon.ico
651,freepik.es,http://freepik.es/favicon.ico
652,sonhoo.com,http://sonhoo.com/favicon.ico
654,dikaiologitika.gr,http://dikaiologitika.gr/favicon.ico
655,impress.co.jp,http://impress.co.jp/favicon.ico
656,umeng.com,http://umeng.com/favicon.ico
657,fidelity.com,http://fidelity.com/favicon.ico
658,labanquepostale.fr,http://labanquepostale.fr/etc/designs/labanquepostale/commons/clientlibs/images/bp-app/favicon.png
659,gyazo.com,http://gyazo.com/favicon.ico
660,to8to.com,http://to8to.com/favicon.ico
661,harvard.edu,http://harvard.edu/favicon.ico
662,yenisafak.com,http://yenisafak.com/favicon.ico
663,convertio.co,http://convertio.co/favicon.ico
664,abola.pt,http://abola.pt/favicon.ico
665,dw.com,http://dw.com/favicon.png
666,online-convert.com,http://online-convert.com/favicon.ico
667,viva.co.id,http://viva.co.id/favicon.ico
668,hotjar.com,http://hotjar.com/favicon.ico
669,stockx.com,http://stockx.com/favicon.ico
670,kijiji.ca,https://ca.classistatic.com/static/V/10404/img/favicons/apple-touch-icon-new.png
672,incometaxindiaefiling.gov.in,http://incometaxindiaefiling.gov.in/iec/foportal/themes/custom/itdbase/favicon.ico
673,uzone.id,https://cdn4.uzone.id/assets/uploads/others/new_uzone/logo.png
674,rbc.ru,http://s.rbk.ru/v10_rbcnews_static/common/common-10.8.9/images/favicon.png
675,shein.com,http://shein.com/favicon.ico
676,pdfdrive.com,http://pdfdrive.com/favicon.ico
677,theepochtimes.com,https://www.theepochtimes.com/assets/themes/eet/images/etfavicon.ico
678,chinachugui.com,http://chinachugui.com/favicon.ico
679,meituan.com,http://meituan.com/favicon.ico
680,258.com,http://258.com/favicon.ico
681,kitco.com,http://kitco.com/favicon.ico
683,thefreedictionary.com,http://thefreedictionary.com/favicon.ico
684,storage.googleapis.com,http://storage.googleapis.com/favicon.ico
685,teamviewer.com,http://teamviewer.com/favicon.ico
686,hsbc.com.hk,https://cdn.hsbc.com.hk/etc/designs/dpws/common/favicons/apple-touch-icon.png
688,superuser.com,http://superuser.com/favicon.ico
689,artstation.com,http://artstation.com/favicon.ico
690,iweihai.cn,http://iweihai.cn/favicon.ico
691,sarkariresult.com,http://sarkariresult.com/favicon.ico
693,get-express-vpn.online,http://get-express-vpn.online/favicon.ico
694,auth0.com,https://cdn.auth0.com/website/new-homepage/dark-favicon.png
695,depositphotos.com,http://depositphotos.com/favicon.ico
696,www.gov.cn,http://www.gov.cn/favicon.ico
697,custhelp.com,http://custhelp.com/images/o_redwood.ico
698,waveapps.com,https://dmrokfxvkn5v8.cloudfront.net/public/wavicon/apple-touch-icon.png
699,dnevnik.ru,http://dnevnik.ru/favicon.ico
700,huamu.cn,http://huamu.cn/favicon.ico
701,pcmag.com,http://pcmag.com/favicons/favicon.ico
702,bola.net,http://bola.net/favicon.ico
703,kknews.cc,http://kknews.cc/favicon.ico
704,dmm.com,http://dmm.com/favicon.ico
705,chosun.com,http://chosun.com/pf/resources/icons/favicon_chosun.png?d=556
706,goal.com,http://goal.com/favicon.ico
707,iliangcang.com,http://iliangcang.com/favicon.ico
708,sportbible.com,http://sportbible.com/favicon.ico
709,firefoxchina.cn,http://firefoxchina.cn/img/favicon.ico
710,chinayigui.com,https://yg1.cdnjm.cn/favicon.ico
711,wplay.co,http://static.wplay.co/offers/ofertas/assets/icons/apple-icon-57x57.png
712,rahavard365.com,http://rahavard365.com/Content/img/logo/favicon.png
713,motorsport.com,http://motorsport.com/favicon.ico
714,chinamenwang.com,http://chinamenwang.com/favicon.ico
715,iqbroker.com,https://static.cdnpub.info/lp/new-ultimate-trading/_next/static/images/favicon-32x32-4818c58847b8c850ac39bfe67cbb2328.png
716,zara.com,http://zara.com/favicon.ico
717,drom.ru,http://drom.ru/favicon.ico
718,mercadolibre.com.ve,http://mercadolibre.com.ve/favicon.ico
720,interia.pl,http://interia.pl/favicon.ico
721,msi.com,http://msi.com/favicon.ico
723,rakuten-sec.co.jp,https://www.rakuten-sec.co.jp/web/shared/images/fixed/favicon.ico
724,go.com,http://go.com/favicon.ico
725,yektanet.com,https://www.yektanet.com/wp-content/uploads/2021/05/Icon-16.png
726,pcbaby.com.cn,http://pcbaby.com.cn/favicon.ico
727,howtogeek.com,http://howtogeek.com/favicon.ico
728,google.com.my,http://google.com.my/favicon.ico
729,haoyer.com,http://haoyer.com/favicon.ico
732,legit.ng,http://legit.ng/favicon.ico
733,mosreg.ru,http://mosreg.ru/favicon.ico
735,istockphoto.com,http://istockphoto.com/favicon.ico
736,pole-emploi.fr,http://pole-emploi.fr/favicon.ico
738,biblegateway.com,http://biblegateway.com/favicon.ico
740,eastmoney.com,http://eastmoney.com/favicon.ico
741,36kr.com,http://36kr.com/favicon.ico
742,shopee.ph,http://shopee.ph/favicon.ico
744,zhcw.com,http://zhcw.com/favicon.ico
745,intipseleb.com,http://intipseleb.com/favicon.ico
746,epwk.com,http://epwk.com/favicon.ico
747,prezi.com,http://prezi.com/favicon.ico
748,discover.com,http://discover.com/favicon.ico
749,vitalsource.com,http://vitalsource.com/favicon.ico
753,thegatewaypundit.com,http://thegatewaypundit.com/favicon.ico
754,cint.com,http://cint.com/icons/icon-48x48-190521c51e378f7549ac6343a1b99768.png
756,yumpu.com,http://yumpu.com/favicon.ico
757,people.com.cn,http://people.com.cn/favicon.ico
758,wowhead.com,http://wowhead.com/favicon.ico
759,smm.cn,http://smm.cn/favicon.ico
760,shopee.sg,http://shopee.sg/favicon.ico
761,otvfoco.com.br,http://otvfoco.com.br/favicon.ico
762,atlassian.net,https://wac-cdn.atlassian.com/assets/img/favicons/atlassian/apple-touch-icon-57x57.png
763,business.site,https://www.google.com/images/branding/product/ico/google_my_business_alldp.ico
764,digitaltrends.com,http://digitaltrends.com/favicon.ico
765,gmanetwork.com,https://www.gmanetwork.com/favicon.ico
767,medicalnewstoday.com,http://medicalnewstoday.com/favicon.ico
768,toggl.com,"data:image/png;base64,iVBORw0KGgoAAAANSUhEUgAAACAAAAAgCAYAAABzenr0AAAACXBIWXMAAAsTAAALEwEAmpwYAAAAAXNSR0IArs4c6QAAAARnQU1BAACxjwv8YQUAAALGSURBVHgBxVc9bBMxFP7spmKAlrCAaCuRLG2RQCQtXSHtxIAUGBgQSJ1AgqlhYSQdWUi6gARLKzEwFsTABOlMS4NAArrkkEgrsRAIHSjKmfec/+RKfLmc8kkn+Xy2v+f3nj+/EzCE2kwFMYRLGBDnoRABRIi6g5XPBRphUX8WSq2hiFURTRRM1hWdBqhPqRAGsQAp5xsIDSxWy9hTi+JkwkI3BugdD4t7EGIBXqBUGr/IkH084miA3vUB+YaaIfQGFv7Ys07ekG3kW6lIj8mh16I19dotaPKADztvRZsnagbomB+WmybkDx9/wKMnH2vvt26cwu2bp2EICz/taDUn6iHghPNv540IVbhQM0C73kW2b+/swhOIS3NWDaBznjSdWyz+xfrGd3gGawvbonIUeyV/mMxh8vsPNvD8Za6pfy42itlzY7o9OnIIM9NHTZYrUC6EAyiRvMrOo69ce4X8zm9tRCteZ/L6YcQvhk0N0NIeoEbMZPTnLSMnuQPdK5I0/gz6BSUi7PwQ+ocQh8DohmOxYTx99qUtDzjmZ6fKcZ8cPwIXCAZMR1aVjk9AqwFM7kIJm8AhMCocfEKBDbDQP1hkgP0eHrH+rktlFCIbgI0MBWIeHvCWpPlC/AUmKAFHjh/E3TtTZhNLpTWJAazCRR4MDw069ue3d0kNv1GC7sEYVLxKEaZ7WdkrpnOqx80zhFjmmqB8C0ikTefNxcbQG5QWy9RsTDjBNf2SybSZ6WM1UeoaNpY0J6EuRNJO0rUch4E0s+hwsrEoVU8Av0+OB3H96kSn6RYGiKuC5qI0R1WK8rkoFVSUhutFaVMloD8I+zL8ESe9diO55nQa6YMn2nZehWMtVPFE1DQx/wtKOF7LiVxzdZpf8UaSmm7UkrQFK5TY6f2IjQ1oMCRYrh9ljF75F+sEmn7P8ZWeLGw7w+qqBc4A/wDBL/2355Rn0AAAAABJRU5ErkJggg=="
769,kaskus.co.id,http://kaskus.co.id/favicon.ico
771,vectorstock.com,http://vectorstock.com/favicon.ico
772,dreamstime.com,http://dreamstime.com/favicon.ico
773,overstock.com,http://overstock.com/favicon.ico
774,jooble.org,http://jooble.org/assets/images/favicon/apple-touch-icon.png?v=3
775,meetup.com,http://meetup.com/favicon.ico
776,republika.co.id,http://republika.co.id/favicon.ico
778,ultimate-guitar.com,http://ultimate-guitar.com/favicon.ico
779,lazada.com.ph,http://lazada.com.ph/favicon.ico
780,uber.com,http://uber.com/favicon.ico
782,uspto.gov,http://uspto.gov/favicon.ico
783,aastocks.com,http://aastocks.com/tc/favicon.ico?v=1.2.0
784,b2b168.com,http://b2b168.com/favicon.ico
785,parsfootball.com,https://parsfootball.com/wp-content/themes/parsfootball/images/fav.png
786,gamespot.com,http://gamespot.com/favicon.ico
787,redfin.com,http://redfin.com/favicon.ico
789,meb.gov.tr,http://meb.gov.tr/favicon.ico
790,crentgate.com,http://crentgate.com/favicon.ico
793,hugedomains.com,http://hugedomains.com/favicon.ico
794,jia400.com,http://jia400.com/favicon.ico
796,gdz.ru,http://gdz.ru/favicon.ico
797,premierbet.co.ao,http://premierbet.co.ao/favicon.ico
798,upwork.com,http://upwork.com/favicon.ico
800,mynet.com,http://mynet.com/favicon.ico
801,nur.kz,http://nur.kz/favicon.ico
802,about.google,http://about.google/favicon.ico
803,jotform.com,http://jotform.com/favicon.ico
804,bild.de,http://bild.de/favicon.ico
807,hi.ru,http://hi.ru/favicon.ico
808,turbo.az,http://turbo.az/favicon.ico
811,edx.org,http://edx.org/favicon.ico
812,dagospia.com,http://dagospia.com/favicon.ico
813,livedoor.com,http://livedoor.com/favicon.ico
815,bluejeans.com,http://bluejeans.com/favicon.ico
816,home77.com,http://home77.com/favicon.ico
817,sdamgia.ru,http://sdamgia.ru/favicon.ico
818,sputniknews.com,http://sputniknews.com/favicon.ico
819,mercadolibre.com.co,http://mercadolibre.com.co/favicon.ico
820,zhaket.com,http://zhaket.com/favicon.ico
821,mercadolibre.com,http://mercadolibre.com/favicon.ico
822,nbcnews.com,https://nodeassets.nbcnews.com/cdnassets/projects/ramen/favicon/nbcnews/all-other-sizes-PNG.ico/favicon.ico
823,realestate.com.au,http://realestate.com.au/favicon.ico
826,ameba.jp,http://ameba.jp/favicon.ico
827,jb51.net,http://jb51.net/favicon.ico
829,cqhot.cn,http://cqhot.cn/favicon.ico
830,consultant.ru,http://consultant.ru/favicon.ico
831,glassdoor.com,http://glassdoor.com/favicon.ico
832,schwab.com,http://schwab.com/favicon.ico
833,collegeboard.org,https://www.collegeboard.org/favicon.ico
835,paytm.com,http://paytm.com/favicon.ico
836,chinaweiyu.com,http://chinaweiyu.com/favicon.ico
837,kohls.com,http://kohls.com/favicon.ico
838,bleacherreport.com,https://static-assets.bleacherreport.net/favicon.ico
841,onelogin.com,http://onelogin.com/assets/img/favicon32.png?v3
842,ifeng.com,http://y0.ifengimg.com/index/favicon.ico
843,filmix.co,http://filmix.co/static/favicon.ico
845,dailycaller.com,http://dailycaller.com/files/DailyCaller-Icon.png
848,gjirafa.com,http://gjirafa.com/Images/favIcon.ico
849,billdesk.com,http://billdesk.com/favicon.ico
851,eghtesadnews.com,http://eghtesadnews.com/favicon.ico
852,dianping.com,http://www.dpfile.com/app/pc-common/dp_favicon.a4af753914321c8e82e402e2b4be01d7.ico
853,discogs.com,https://s.discogs.com/5fcc1d3201910ea7a56c3b191bab3d8b5718ccc9/images/favicon.ico
856,kq36.com,https://www.kq36.com/favicon.ico
857,rasadvarzeshi.com,http://rasadvarzeshi.com/favicon.ico
858,ukr.net,http://upst.fwdcdn.com/favicon-v3.png
861,nba.com,http://nba.com/favicon.ico
862,usbank.com,http://usbank.com/etc.clientlibs/usbfoundation/clientlibs/usbank/clientlib-site/resources/images/favicon.ico
864,zougla.gr,http://zougla.gr/App_Themes/default/_gfx/favicons/apple-touch-icon.png?v=XBr3Y2myQ5
865,prom.ua,http://prom.ua/cloud-cgi/static/uaprom-static/js/build/portal-portable/images/favicon-3k1O_.ico
867,finviz.com,http://finviz.com/favicon_2x.png
869,urbandictionary.com,https://g.udimg.com/assets/apple-touch-icon-2ad9dfa3cb34c1d2740aaf1e8bcac791e2e654939e105241f3d3c8b889e4ac0c.png
870,gov.ao,http://gov.ao/apps/theming/favicon?v=30
871,doordash.com,https://cdn.doordash.com/static/img/favicon@2x.ico?dd-nonce
874,hops.id,http://i2.wp.com/www.hops.id/wp-content/uploads/2020/11/cropped-hops-favico1.png?fit=32%2C32&ssl=1
877,flickr.com,http://flickr.com/favicon.ico
878,gridoto.com,https://imgx.gridoto.com/file/2017/gridoto/img/favicon.png
880,popads.net,http://popads.net/favicon.ico
881,motor1.com,http://motor1.com/favicon.ico
882,kompas.tv,https://media.kompas.tv/webassets/images/kompastv64.ico
883,avaz.ba,http://avaz.ba/favicon.ico
884,audible.com,http://audible.com/favicon.ico
885,axisbank.com,http://axisbank.com/favicon.ico
886,dostor.org,http://dostor.org/themes/dostor/assets/images/favicon/apple-icon-57x57.png
887,agoda.com,http://agoda.com/favicon.ico
888,bluehost.com,http://bluehost.com/favicon.ico
890,symbolab.com,http://symbolab.com/favicon.ico
891,gaana.com,http://gaana.com/favicon.ico
892,linguee.com,http://linguee.com/favicon.ico
893,esheeq.com,https://esseq.net/wp-content/uploads/2020/05/cropped-12-32x32.png
894,protonmail.com,http://protonmail.com/favicon.ico
895,sporx.com,http://sporx.com/favicon.ico
896,cbsnews.com,http://cbsnews.com/favicon.ico
897,amazon.jobs,http://amazon.jobs/favicon.ico
898,credit-agricole.fr,http://credit-agricole.fr/favicon.ico
899,news.com.au,http://news.com.au/favicon.ico
900,windowsazure.com,http://azurecomcdn.azureedge.net/cvt-e3a122c14d54133f4987ad39a20b68bf418820b5ebac6c6a421232bba29588e9/images/icon/favicon.ico
901,mydramalist.com,http://mydramalist.com/favicon.ico
903,avg.com,https://static2.avg.com/20001361/web/i/favicons/favicon.ico
904,hbomax.com,http://hbomax.com/favicon.ico
905,zoomit.ir,http://zoomit.ir/favicon.ico
906,huffpost.com,http://huffpost.com/favicon.ico
907,trulia.com,http://trulia.com/favicon.ico
908,ameblo.jp,http://ameblo.jp/favicon.ico
909,teamwork.com,http://teamwork.com/favicon.ico
911,wowkeren.com,http://wowkeren.com/favicon.ico
913,laposte.fr,http://laposte.fr/favicon.ico
914,afzhan.com,http://afzhan.com/favicon.ico
916,sahamyab.com,http://sahamyab.com/favicon.ico
917,elmundo.es,http://elmundo.es/favicon.ico
918,kp.ru,http://kp.ru/favicon.ico
919,insertlive.com,http://insertlive.com/favicon.ico
921,google.ae,http://google.ae/favicon.ico
923,sudannews365.org,http://sudannews365.org/favicon.ico
924,noon.com,http://noon.com/favicon.ico
925,clarin.com,http://clarin.com/favicon.ico
926,mailchi.mp,http://mailchi.mp/favicon.ico
927,elyamnelaraby.com,http://elyamnelaraby.com/favicon.ico
928,buyma.com,http://buyma.com/favicon.ico
929,kizlarsoruyor.com,http://kizlarsoruyor.com/favicon.ico
930,gap.com,http://gap.com/static_content/onesitecategory/components/mfe/sitewide-app/static/favicons/gap-favicon.ico
931,crhoy.com,http://crhoy.com/favicon.ico
932,rencaijob.com,http://rencaijob.com/favicon.ico
933,spiegel.de,http://spiegel.de/favicon.ico
934,abc.es,http://abc.es/favicon.ico
936,123rf.com,http://123rf.com/favicon.ico
937,laleggepertutti.it,http://laleggepertutti.it/favicon.ico
938,jnu.edu.cn,http://jnu.edu.cn/favicon.ico
940,discuss.com.hk,http://discuss.com.hk/favicon.ico
941,creditonebank.com,"data:;base64,iVBORw0KGgo="
942,youku.com,http://youku.com/favicon.ico
943,kdslife.com,http://kdslife.com/favicon.ico
944,ebay.it,http://ebay.it/favicon.ico
945,adbtc.top,http://adbtc.top/favicon.ico
947,commbank.com.au,http://commbank.com.au/favicon.ico
948,dhl.de,http://dhl.de/favicon.ico
949,amazon.com.br,http://amazon.com.br/favicon.ico
950,fantasypros.com,http://fantasypros.com/favicon.ico
951,yelp.com,http://yelp.com/favicon.ico
953,eset.com,http://eset.com/favicon.ico
954,thingiverse.com,http://thingiverse.com/favicon.ico
955,code.org,http://code.org/images/favicon.ico
956,hk01.com,http://hk01.com/favicon.ico
957,uchi.ru,http://uchi.ru/favicon.ico
959,jw.org,http://jw.org/favicon.ico
960,t66y.com,http://t66y.com/favicon.ico
963,sxyprn.com,http://sxyprn.com/favicon.ico
964,google.at,http://google.at/favicon.ico
965,bolasport.com,https://asset-a.grid.id/file/bolasport/desktop/favicon/bolasport_icon.png
966,gtmetrix.com,http://gtmetrix.com/favicon.ico
967,storm.mg,http://storm.mg/favicon.ico
968,edh.tw,http://edh.tw/favicon.ico
969,farfetch.com,http://farfetch.com/favicon.ico
970,diply.com,http://diply.com/favicon.ico
971,olx.com.br,http://olx.com.br/favicon.ico
972,byjus.com,http://byjus.com/favicon.ico
974,las2orillas.co,http://las2orillas.co/favicon.ico
975,11st.co.kr,http://11st.co.kr/favicon.ico
976,laodong.vn,http://laodong.vn/favicon.ico
977,enamad.ir,http://enamad.ir/favicon.ico
978,republicworld.com,http://republicworld.com/favicon.ico
979,kontan.co.id,http://assets.kontan.co.id/favicon.ico
980,rezka.ag,http://rezka.ag/favicon.ico
981,alsbbora.info,http://alsbbora.info/favicon.ico
982,nyaa.si,http://nyaa.si/static/favicon.png
983,ea.com,http://ea.com/assets/images/favicon.png
984,mosaiquefm.net,http://mosaiquefm.net/images/favicon.ico
986,badoo.com,http://badoo.com/favicon.ico
987,manganelo.com,http://manganelo.com/favicon.ico
988,chip.de,http://chip.de/favicon.ico
989,espncricinfo.com,http://espncricinfo.com/favicon.ico
991,webassign.net,http://webassign.net/favicon.ico
992,miro.com,http://miro.com/favicon.ico
994,poshmark.com,http://poshmark.com/favicon.ico
995,huya.com,http://huya.com/favicon.ico
996,state.gov,https://www.state.gov/wp-content/uploads/2019/02/cropped-Seal-of-the-U.S.-Department-of-State-32x32.png
998,anjuke.com,https://pages.anjukestatic.com/usersite/site/img/global/1/favicon.ico
999,ionos.com,http://ionos.com/favicon.ico
1000,sina.cn,http://sina.cn/favicon.ico