1,google.com
2,youtube.com
3,facebook.com
4,tmall.com
5,baidu.com
6,qq.com
7,sohu.com
8,taobao.com
9,yahoo.com
10,360.cn
11,jd.com
12,amazon.com
13,zoom.us
14,wikipedia.org
15,sina.com.cn
16,weibo.com
17,live.com
18,reddit.com
19,microsoft.com
20,xinhuanet.com
21,netflix.com
22,office.com
23,okezone.com
24,vk.com
25,microsoftonline.com
26,csdn.net
27,instagram.com
28,myshopify.com
29,alipay.com
30,yahoo.co.jp
31,panda.tv
32,naver.com
33,zhanqi.tv
34,twitch.tv
35,google.com.hk
36,stackoverflow.com
37,bing.com
38,ebay.com
39,adobe.com
40,aliexpress.com
41,amazon.in
42,apple.com
43,china.com.cn
44,amazon.co.jp
45,tianya.cn
46,google.co.in
47,yandex.ru
48,tribunnews.com
49,twitter.com
50,instructure.com
51,dropbox.com
52,mail.ru
53,linkedin.com
54,sogou.com
55,msn.com
56,google.cn
57,huanqiu.com
58,1688.com
59,wordpress.com
60,ok.ru
61,aparat.com
62,amazonaws.com
63,google.com.br
64,espn.com
65,alibaba.com
66,whatsapp.com
67,google.de
68,imdb.com
69,mama.cn
70,etsy.com
71,imgur.com
72,kompas.com
73,rakuten.co.jp
74,cnn.com
75,detik.com
76,spotify.com
77,freepik.com
78,bbc.com
79,jrj.com.cn
80,amazon.co.uk
81,ettoday.net
82,flipkart.com
83,nytimes.com
84,pixnet.net
85,udemy.com
86,aliyun.com
87,thestartmagazine.com
88,bilibili.com
89,okta.com
90,google.fr
91,so.com
92,google.ru
93,babytree.com
94,soundcloud.com
95,grid.id
96,booking.com
97,wetransfer.com
98,padlet.com
99,canva.com
100,discord.com
101,hao123.com
102,amazon.de
103,soso.com
104,google.it
105,6.cn
106,cnblogs.com
107,tumblr.com
108,github.com
109,paypal.com
110,roblox.com
111,google.es
112,youm7.com
113,fandom.com
114,tradingview.com
115,tokopedia.com
116,zillow.com
117,google.com.mx
118,shutterstock.com
119,daum.net
120,speedtest.net
121,metropoles.com
122,nih.gov
123,google.com.sg
124,grammarly.com
125,google.com.tw
126,haosou.com
127,liputan6.com
128,salesforce.com
129,investing.com
130,indeed.com
131,savefrom.net
132,google.co.uk
133,bbc.co.uk
134,ilovepdf.com
135,cnet.com
136,digikala.com
137,vimeo.com
138,163.com
139,quizlet.com
140,gome.com.cn
141,avito.ru
142,craigslist.org
143,chase.com
144,mediafire.com
145,eastday.com
146,google.com.tr
147,researchgate.net
148,tiktok.com
149,tistory.com
150,duckduckgo.com
151,amazon.ca
152,theguardian.com
153,momoshop.com.tw
154,pinterest.com
155,wix.com
156,office365.com
157,iqiyi.com
158,archive.org
159,webex.com
160,madrasati.sa
161,bet9ja.com
162,primevideo.com
163,slideshare.net
164,walmart.com
165,godaddy.com
166,telegram.org
167,mega.nz
168,healthline.com
169,line.me
170,force.com
171,forbes.com
172,google.ca
173,hdfcbank.com
174,amazon.it
175,google.com.sa
176,lazada.sg
177,pikiran-rakyat.com
178,skype.com
179,varzesh3.com
180,setn.com
181,sindonews.com
182,google.com.eg
183,americanexpress.com
184,fedex.com
185,google.com.ar
186,blackboard.com
187,deepl.com
188,ebay.de
189,smallpdf.com
190,foxnews.com
191,worldometers.info
192,stackexchange.com
193,suara.com
194,homedepot.com
195,w3schools.com
196,businessinsider.com
197,ca.gov
198,heavy.com
199,zerodha.com
200,chouftv.ma
201,t.co
202,cnbc.com
203,behance.net
204,ikea.com
205,eikegolehem.com
206,washingtonpost.com
207,taboola.com
208,uol.com.br
209,ltn.com.tw
210,merdeka.com
211,51sole.com
212,namnak.com
213,breitbart.com
214,box.com
215,hulu.com
216,dailymail.co.uk
217,t.me
218,aliexpress.ru
219,amazon.cn
220,shaparak.ir
221,patch.com
222,gosuslugi.ru
223,google.co.th
224,globo.com
225,ndtv.com
226,icicibank.com
227,slack.com
228,360.com
229,wikihow.com
230,weather.com
231,namu.wiki
232,evernote.com
233,payoneer.com
234,sahibinden.com
235,bestbuy.com
236,51.la
237,amazon.fr
238,ebay.co.uk
239,airbnb.com
240,hootsuite.com
241,samsung.com
242,iqoption.com
243,hp.com
244,cloudfront.net
245,googlevideo.com
246,coursera.org
247,zhihu.com
248,amazon.es
249,google.co.id
250,redd.it